{"Confusion Matrix":[[41,2],[1,70]],"Classification Report":{"0":{"precision":0.9761904762,"recall":0.9534883721,"f1-score":0.9647058824,"support":43},"1":{"precision":0.9722222222,"recall":0.985915493,"f1-score":0.979020979,"support":71},"accuracy":0.9736842105,"macro avg":{"precision":0.9742063492,"recall":0.9697019325,"f1-score":0.9718634307,"support":114},"weighted avg":{"precision":0.9737190198,"recall":0.9736842105,"f1-score":0.973621425,"support":114}},"ROC-AUC Score":0.9973796266}